Title,Price,Rating,Reviews,Scraped At
Not Available,Not Available,4.3 out of 5 stars,Not Available,2026-08-03 23:44:29.335814
Not Available,Not Available,4.5 out of 5 stars,Not Available,2026-08-03 23:44:29.337414
Not Available,"INR 132,812.06",4.5 out of 5 stars,Not Available,2026-08-03 23:44:29.343117
Not Available,Not Available,4.2 out of 5 stars,Not Available,2026-08-03 23:44:29.344808
Not Available,Not Available,5.0 out of 5 stars,Not Available,2026-08-03 23:44:29.346439
Not Available,Not Available,4.8 out of 5 stars,Not Available,2026-08-03 23:44:29.348375
Not Available,Not Available,5.0 out of 5 stars,Not Available,2026-08-03 23:44:29.349994
Not Available,Not Available,4.4 out of 5 stars,Not Available,2026-08-03 23:44:29.351489
Not Available,"INR 35,352.70",4.3 out of 5 stars,Not Available,2026-08-03 23:44:29.356746
Not Available,Not Available,4.0 out of 5 stars,Not Available,2026-08-03 23:44:29.359011
Not Available,Not Available,4.4 out of 5 stars,Not Available,2026-08-03 23:44:29.361847
Not Available,"INR 19,058.65",4.2 out of 5 stars,Not Available,2026-08-03 23:44:29.366205
Not Available,Not Available,4.8 out of 5 stars,Not Available,2026-08-03 23:44:29.369098
Not Available,Not Available,4.8 out of 5 stars,Not Available,2026-08-03 23:44:29.371426
Not Available,Not Available,4.5 out of 5 stars,Not Available,2026-08-03 23:44:29.373859
Not Available,Not Available,4.5 out of 5 stars,Not Available,2026-08-03 23:44:29.381871
